{
    "sites": [
      {
            "title": "nicholasgenco",
            "name": "Nicholas Genco",
            "bannerImage": {
                "filename": "namefile.jpg",
                "filePath": "/dsdds/ds//",
                "height": 500,
                "width": 500
            },
            "footer": "created by Nicholas Genco",
            "layout": "layout",
            "font": "times new roman",
            "color": "red",
            "siteContent": [
                {
                    "type": 1,
                    "video": {
                        "path": "/path///dqwasdasd//",
                        "fileName": "title",
                        "height": 500,
                        "width": 500,
                        "caption": "captoion"

                    }
                },
                {
                    "type": 2,
                    "image": {
                        "path": "/path///dqwasdasd//",
                        "fileName": "title",
                        "height": 500,
                        "width": 500,
                        "caption": "captoion",
                        "float": "Right"

                    }
                },
                {
                    "type": 3,
                    "list": {
                        "listTypes": "ol",
                        "listItems": [
                            "string",
                            "string",
                            "string"
                        ]
                    }
                },
                {
                    "type": 4,
                    "paragraph": {
                        "font": "font1",
                        "text": "aadadnoajndoenfoweunFIOUWEBNFAEIUWNFOJSENFJSDNFKJSDNFKJNSFKSADKFJN"

                    }
                },
                {
                    "type": 5,
                    "slideShow": {
                        "title": "/path/dqwasdasd/",
                        "slides": [
                            {
                                "filename": "asdasdas.jpg",
                                "path": "/hhdhshs/ddsdds/",
                                "caption": "ehhhele"

                            },
                            {
                                "filename": "asdasdas.jpg",
                                "path": "/hhdhshs/ddsdds/",
                                "caption": "ehhhele"

                            },
                            {
                                "filename": "asdasdas.jpg",
                                "path": "/hhdhshs/ddsdds/",
                                "caption": "ehhhele"

                            }
                        ]

                    }
                },
                {
                    "type": 6,
                    "header": {
                        "size": "h3",
                        "text": "HelloHeader"

                    }
                }

            ]
        },
        
        {
            "title": "nicholasgenco",
            "name": "Nicholas Genco",
            "bannerImage": {
                "filename": "namefile.jpg",
                "filePath": "/dsdds/ds//",
                "height": 500,
                "width": 500
            },
            "footer": "created by Nicholas Genco",
            "layout": "layout",
            "font": "times new roman",
            "color": "red",
            "siteContent": [
                {
                    "type": 1,
                    "video": {
                        "path": "/path///dqwasdasd//",
                        "fileName": "title",
                        "height": 500,
                        "width": 500,
                        "caption": "captoion"

                    }
                },
                {
                    "type": 2,
                    "image": {
                        "path": "/path///dqwasdasd//",
                        "fileName": "title",
                        "height": 500,
                        "width": 500,
                        "caption": "captoion",
                        "float": "Right"

                    }
                },
                {
                    "type": 3,
                    "list": {
                        "listTypes": "ol",
                        "listItems": [
                            "string",
                            "string",
                            "string"
                        ]
                    }
                },
                {
                    "type": 4,
                    "paragraph": {
                        "font": "font1",
                        "text": "aadadnoajndoenfoweunFIOUWEBNFAEIUWNFOJSENFJSDNFKJSDNFKJNSFKSADKFJN"

                    }
                },
                {
                    "type": 5,
                    "slideShow": {
                        "title": "/path/dqwasdasd/",
                        "slides": [
                            {
                                "filename": "asdasdas.jpg",
                                "path": "/hhdhshs/ddsdds/",
                                "caption": "ehhhele"

                            },
                            {
                                "filename": "asdasdas.jpg",
                                "path": "/hhdhshs/ddsdds/",
                                "caption": "ehhhele"

                            },
                            {
                                "filename": "asdasdas.jpg",
                                "path": "/hhdhshs/ddsdds/",
                                "caption": "ehhhele"

                            }
                        ]

                    }
                },
                {
                    "type": 6,
                    "header": {
                        "size": "h3",
                        "text": "HelloHeader"

                    }
                }

            ]
        }
        

    ]

}