{"title":"ENTER TITLE","slides":[{"image_file_name":"BryceCanyonUtah.jpg","image_path":"C:\\Users\\Nick\\Documents\\slideshowmaker\\images\\slide_show_images\\","caption":"1"},{"image_file_name":"CapeSpearNewfoundland.jpg","image_path":"C:\\Users\\Nick\\Documents\\slideshowmaker\\images\\slide_show_images\\","caption":"2"},{"image_file_name":"SaltUtah.jpg","image_path":"C:\\Users\\Nick\\Documents\\slideshowmaker\\images\\slide_show_images\\","caption":"3"},{"image_file_name":"CarhengeNebraska.jpg","image_path":"C:\\Users\\Nick\\Documents\\slideshowmaker\\images\\slide_show_images\\","caption":"4"}]}