{"title":"fdddf","slides":[{"image_file_name":"BadlandsSouthDakota.jpg","image_path":"C:\\Users\\Nick\\Documents\\slideshowmaker\\images\\slide_show_images\\","caption":"fvfdvxcv"},{"image_file_name":"SaltUtah.jpg","image_path":"C:\\Users\\Nick\\Documents\\slideshowmaker\\images\\slide_show_images\\","caption":"xcv"},{"image_file_name":"CapeSpearNewfoundland.jpg","image_path":"C:\\Users\\Nick\\Documents\\slideshowmaker\\images\\slide_show_images\\","caption":"xcvxcv"},{"image_file_name":"SignalHillNewfoundland.jpg","image_path":"C:\\Users\\Nick\\Documents\\slideshowmaker\\images\\slide_show_images\\","caption":"xcve"},{"image_file_name":"CarhengeNebraska.jpg","image_path":"C:\\Users\\Nick\\Documents\\slideshowmaker\\images\\slide_show_images\\","caption":"new one"}]}