{"title":"New best","slides":[{"image_file_name":"BryceCanyonUtah.jpg","image_path":"/Users/nicholasgenco/Desktop/CSE HW 2/SlideshowMaker/images/slide_show_images/","caption":"Slide4"},{"image_file_name":"CapeSpearNewfoundland.jpg","image_path":"/Users/nicholasgenco/Desktop/CSE HW 2/SlideshowMaker/images/slide_show_images/","caption":"Slide1"},{"image_file_name":"SignalHillNewfoundland.jpg","image_path":"/Users/nicholasgenco/Desktop/CSE HW 2/SlideshowMaker/images/slide_show_images/","caption":"Slide2"},{"image_file_name":"YosemiteCalifornia.jpg","image_path":"/Users/nicholasgenco/Desktop/CSE HW 2/SlideshowMaker/images/slide_show_images/","caption":"Slide3"},{"image_file_name":"CarhengeNebraska.jpg","image_path":"/Users/nicholasgenco/Desktop/CSE HW 2/SlideshowMaker/images/slide_show_images/","caption":"sdkvasdjc"},{"image_file_name":"GrosMorneNewfoundland.jpg","image_path":"/Users/nicholasgenco/Desktop/CSE HW 2/SlideshowMaker/images/slide_show_images/","caption":"sdvsadvvd"},{"image_file_name":"QuirponIslandNewfoundland.jpg","image_path":"/Users/nicholasgenco/Desktop/CSE HW 2/SlideshowMaker/images/slide_show_images/","caption":"nswww"}]}