{"title":"sdfvzxc","slides":[{"image_file_name":"GrosMorneNewfoundland.jpg","image_path":"C:\\Users\\Nick\\Documents\\slideshowmaker\\images\\slide_show_images\\","caption":"xzx"},{"image_file_name":"GreatPlainsNebraska.jpg","image_path":"C:\\Users\\Nick\\Documents\\slideshowmaker\\images\\slide_show_images\\","caption":"zxz"},{"image_file_name":"BadlandsSouthDakota.jpg","image_path":"C:\\Users\\Nick\\Documents\\slideshowmaker\\images\\slide_show_images\\","caption":"zxz"},{"image_file_name":"CarhengeNebraska.jpg","image_path":"C:\\Users\\Nick\\Documents\\slideshowmaker\\images\\slide_show_images\\","caption":"zxzx"}]}