<?xml version="1.0" encoding="UTF-8"?>
<project-private xmlns="http://www.netbeans.org/ns/project-private/1">
    <editor-bookmarks xmlns="http://www.netbeans.org/ns/editor-bookmarks/2" lastBookmarkId="3"/>
    <open-files xmlns="http://www.netbeans.org/ns/projectui-open-files/2">
        <group>
            <file>file:/Users/nicholasgenco/NetBeansProjects/eProBuilder/src/eprobuilder/eProBuilder.java</file>
            <file>file:/Users/nicholasgenco/NetBeansProjects/eProBuilder/src/eprobuilder/Attributes.java</file>
            <file>file:/Users/nicholasgenco/NetBeansProjects/eProBuilder/src/eprobuilder/Site.java</file>
        </group>
    </open-files>
</project-private>
