<?xml version="1.0" encoding="UTF-8"?>
<!--
    This XML file allows us to easily customize the look and language used
    in our program's user interface. Note that this is for customizing settings
    for the Course Schedule Builder interface, NOT the Web page that we're building. 
-->
<properties>
    <property_list>    
        <property name="TITLE_WINDOW"		value="Slide Show Máquina"></property>  
        
        <!-- PROGRAM ICON FILES -->
	
        <!-- TOOLTIPS FOR BUTTONS -->
        <property name="TOOLTIP_NEW_SLIDE_SHOW"	    value="Crear una nueva presentación de diapositivas"></property>
        <property name="TOOLTIP_LOAD_SLIDE_SHOW"    value="Cargar una presentación de diapositivas existente"></property>
        <property name="TOOLTIP_SAVE_SLIDE_SHOW"    value="Guardar esta presentación de diapositivas"></property>
        <property name="TOOLTIP_VIEW_SLIDE_SHOW"    value="Ver esta presentación de diapositivas"></property>
        <property name="TOOLTIP_EXIT"		    value="Salga de la aplicación"></property>
	<property name="TOOLTIP_ADD_SLIDE"	    value="Añadir diapositiva"></property>
	<property name="TOOLTIP_REMOVE_SLIDE"	    value="Eliminar diapositiva"></property>
	<property name="TOOLTIP_MOVE_UP"	    value="Mover Deslice hacia arriba"></property>
	<property name="TOOLTIP_MOVE_DOWN"	    value="Mover Deslice hacia abajo"></property>
	<property name="TOOLTIP_PREVIOUS_SLIDE"	    value="Diapositiva anterior
"></property>
    
	<property name="TOOLTIP_NEXT_SLIDE"	    value="Siguiente diapositiva"></property>
	<property name ="ERROR_PROPERTIES_FILE_LOADING" value="Presentar no se carga correctamente"></property>
	<!-- DEFAULT VALUES -->
	<property name="DEFAULT_IMAGE_CAPTION"	    value="ENTER TITULO"></property>
	<property name="DEFAULT_SLIDE_SHOW_TITLE"   value="ENTER TÍTULO"></property>
	
	<!-- UI LABELS -->
	<property name="LABEL_CAPTION"		    value="Leyenda:"></property>
    
    <property name ="ERROR_DATA_FILE_LOADING" value="Archivo no cargar correctamente"></property>
    <property name ="ERROR_PROPERTIES_FILE_LOADING" value="Archivo no cargar correctamente"></property>
    <property name ="ERROR_PROPERTIES_FILE_SAVING" value="Archivo no ahorrar correctamente"></property>
    <property name ="ERROR_PROPERTIES_EXIT" value="no salir correctamente"></property>
    <property name ="ERROR_PROPERTIES_NEW" value="nueva diapositiva no se carga correctamente"></property>
        
        <!-- GUI LABELS -->
        <property name="COURSE_HEADING_LABEL"           value="Curso Datos de la obra"></property>
        <property name="COURSE_INFO_LABEL"              value="Información del curso"></property>
        <property name="COURSE_SUBJECT_LABEL"           value="Sujeto:"></property>
        <property name="COURSE_NUMBER_LABEL"            value="Número:"></property>
        <property name="COURSE_SEMESTER_LABEL"          value="Plazo:"></property>
        <property name="COURSE_YEAR_LABEL"              value="Año:"></property>
        <property name="COURSE_TITLE_LABEL"             value="Título:"></property>
        <property name="INSTRUCTOR_NAME_LABEL"          value="Nombre Instrctor:"></property>
        <property name="INSTRUCTOR_URL_LABEL"           value="Instructor Homepage:"></property>
        <property name="PAGES_SELECTION_HEADING_LABEL"  value="Páginas del sitio"></property>
        <property name="SCHEDULE_HEADING_LABEL"         value="Horario del curso"></property>
        <property name="DATE_BOUNDARIES_LABEL"          value="calendario académico"></property>
        <property name="STARTING_MONDAY_LABEL"          value="A partir del lunes:"></property>
        <property name="ENDING_FRIDAY_LABEL"            value="Poner fin a Viernes:"></property>
        <property name="LECTURE_DAY_SELECT_LABEL"       value="Días Lecture"></property>
    </property_list>
    <property_options_list>
    </property_options_list>
</properties>