<?xml version="1.0" encoding="UTF-8"?>
<project-private xmlns="http://www.netbeans.org/ns/project-private/1">
    <editor-bookmarks xmlns="http://www.netbeans.org/ns/editor-bookmarks/2" lastBookmarkId="0"/>
    <open-files xmlns="http://www.netbeans.org/ns/projectui-open-files/2">
        <group>
            <file>file:/Users/nicholasgenco/Desktop/CSE%20HW%202/SlideshowMaker/src/ssm/StartupConstants.java</file>
            <file>file:/Users/nicholasgenco/Desktop/CSE%20HW%202/SlideshowMaker/src/ssm/view/Browser.java</file>
            <file>file:/Users/nicholasgenco/Desktop/CSE%20HW%202/SlideshowMaker/src/ssm/view/SlideShowMakerView.java</file>
            <file>file:/Users/nicholasgenco/Desktop/CSE%20HW%202/SlideshowMaker/src/ssm/view/webView.html</file>
            <file>file:/Users/nicholasgenco/Desktop/CSE%20HW%202/SlideshowMaker/src/ssm/SlideShowMaker.java</file>
            <file>file:/Users/nicholasgenco/Desktop/CSE%20HW%202/SlideshowMaker/src/ssm/LanguagePropertyType.java</file>
            <file>file:/Users/nicholasgenco/Desktop/CSE%20HW%202/SlideshowMaker/src/ssm/view/SlideEditView.java</file>
            <file>file:/Users/nicholasgenco/Desktop/CSE%20HW%202/SlideshowMaker/src/ssm/style/SlideShowMakerStyle.css</file>
        </group>
    </open-files>
</project-private>
